vidname,min angle,3rd percentile angle,97th percentile angle,max angle,97th percentile positive velocity,97th percentile negative velocity,97th percentile positive acceleration,97th percentile negative acceleration
nop10.mp,0.0,0.790963119462587,60.81292881163279,85.54554679147004,250.01421775087096,-229.17912767478725,5906.815091067139,-5393.82919007153
nop1corr_resized.mp,0.0,3.477995844168908,67.1967345877269,75.00361736925458,265.4043773860667,-292.5243481241847,7618.658807886819,-7630.2000135290045
nop1corr_resized.mp,0.0,3.477995844168908,67.1967345877269,75.00361736925458,265.4043773860667,-292.5243481241847,7618.658807886819,-7630.2000135290045
nop3.mp,0.07375154342960386,1.2230380986829485,80.15342279760438,86.89184893022814,147.97868666203388,-148.97565267548035,3038.744045509037,-3344.105422667313
uvfp7.mp,0.0,5.743072041962109,39.00155650234113,60.12833203786018,119.125493594054,-127.71577387196352,3930.5626940656443,-4222.295954154956
